Campaign,Campaign Status,Ad Group,Keyword,Match Type
PromoRegistry - Desktronic UK,Paused,Desktronic UK Coupons,desktronic discount code,Exact
PromoRegistry - Desktronic UK,Paused,Desktronic UK Coupons,desktronic coupon codes,Exact
PromoRegistry - Desktronic UK,Paused,Desktronic UK Coupons,desktronic promo code,Exact
PromoRegistry - Desktronic UK,Paused,Desktronic UK Coupons,desktronic coupon,Exact
PromoRegistry - Desktronic UK,Paused,Desktronic UK Coupons,desktronic code,Exact
PromoRegistry - Desktronic UK,Paused,Desktronic UK Coupons,desktronic coupons,Exact
PromoRegistry - Desktronic UK,Paused,Desktronic UK Coupons,desktronic discount codes,Exact
PromoRegistry - Desktronic UK,Paused,Desktronic UK Coupons,desktronic promo,Exact
PromoRegistry - Desktronic UK,Paused,Desktronic UK Coupons,desktronic voucher,Exact
PromoRegistry - Desktronic UK,Paused,Desktronic UK Coupons,desktronic voucher codes,Exact
PromoRegistry - Desktronic UK,Paused,Desktronic UK Coupons,desktronic promo codes,Exact
PromoRegistry - Desktronic UK,Paused,Desktronic UK Coupons,desktronic promos,Exact
PromoRegistry - Desktronic UK,Paused,Desktronic UK Coupons,desktronic coupon code,Exact
PromoRegistry - Desktronic UK,Paused,Desktronic UK Coupons,desktronic voucher code,Exact
PromoRegistry - Desktronic UK,Paused,Desktronic UK Coupons,desktronic vouchers,Exact
