Action,Campaign,Campaign type,Campaign status,Budget,Budget type,Bid strategy type,Language,Location,Networks,EU political ads,Ad group,Ad group status,Max CPC,Keyword,Match Type,Ad type,Headline 1,Headline 2,Headline 3,Headline 4,Headline 5,Description 1,Description 2,Description 3,Path 1,Path 2,Final URL
Add,Desktronic UK Promo,Search,Paused,20.00,Daily,Maximize clicks,en,United Kingdom,Google search; Search partners,No,,,,,,,,,,,,,,,,,
Add,Desktronic UK Promo,,,,,,,,,,Desktronic UK Coupons,Paused,1.50,,,,,,,,,,,,,,
Add,Desktronic UK Promo,,,,,,,,,,Desktronic UK Coupons,,,desktronic discount code,Exact,,,,,,,,,,,,
Add,Desktronic UK Promo,,,,,,,,,,Desktronic UK Coupons,,,desktronic coupon codes,Exact,,,,,,,,,,,,
Add,Desktronic UK Promo,,,,,,,,,,Desktronic UK Coupons,,,desktronic promo code,Exact,,,,,,,,,,,,
Add,Desktronic UK Promo,,,,,,,,,,Desktronic UK Coupons,,,desktronic coupon,Exact,,,,,,,,,,,,
Add,Desktronic UK Promo,,,,,,,,,,Desktronic UK Coupons,,,desktronic code,Exact,,,,,,,,,,,,
Add,Desktronic UK Promo,,,,,,,,,,Desktronic UK Coupons,,,desktronic coupons,Exact,,,,,,,,,,,,
Add,Desktronic UK Promo,,,,,,,,,,Desktronic UK Coupons,,,desktronic discount codes,Exact,,,,,,,,,,,,
Add,Desktronic UK Promo,,,,,,,,,,Desktronic UK Coupons,,,desktronic promo,Exact,,,,,,,,,,,,
Add,Desktronic UK Promo,,,,,,,,,,Desktronic UK Coupons,,,desktronic voucher,Exact,,,,,,,,,,,,
Add,Desktronic UK Promo,,,,,,,,,,Desktronic UK Coupons,,,desktronic voucher codes,Exact,,,,,,,,,,,,
Add,Desktronic UK Promo,,,,,,,,,,Desktronic UK Coupons,,,desktronic promo codes,Exact,,,,,,,,,,,,
Add,Desktronic UK Promo,,,,,,,,,,Desktronic UK Coupons,,,desktronic promos,Exact,,,,,,,,,,,,
Add,Desktronic UK Promo,,,,,,,,,,Desktronic UK Coupons,,,desktronic coupon code,Exact,,,,,,,,,,,,
Add,Desktronic UK Promo,,,,,,,,,,Desktronic UK Coupons,,,desktronic voucher code,Exact,,,,,,,,,,,,
Add,Desktronic UK Promo,,,,,,,,,,Desktronic UK Coupons,,,desktronic vouchers,Exact,,,,,,,,,,,,
Add,Desktronic UK Promo,,,,,,,,,,Desktronic UK Coupons,,,,,Responsive search ad,15% Desktronic Discount Code,Use Code: MarkPaul15,Verified Deals June 2026,Save £15 Now,Desktronic UK Standing Desks,Get exclusive discounts on Desktronic standing desks. Enter MarkPaul15 at checkout.,Big savings alert: 100% verified standing desk & frame promo codes. Free UK shipping.,Save smart on Desktronic HomeOne & HomePro collections today.,desktronic,discount-code,https://www.promoregistry.com/store/desktronic-uk
