Action,Campaign,Campaign type,Campaign status,Budget,Budget type,Bid strategy type,Language,Location,Networks,EU political ads,Ad group,Ad group status,Max CPC,Keyword,Match Type,Ad type,Headline 1,Headline 2,Headline 3,Headline 4,Headline 5,Headline 6,Headline 7,Headline 8,Headline 9,Headline 10,Headline 11,Headline 12,Headline 13,Headline 14,Headline 15,Description 1,Description 2,Description 3,Description 4,Path 1,Path 2,Final URL
Add,Desktronic UK Promo,Search,Paused,1500.00,Daily,Manual CPC,en,United Kingdom,Google search; Search partners,No,,,,,,,,,,,,,,,,,,,,,,,,,,,,
Add,Desktronic UK Promo,,,,,,,,,,Desktronic UK Coupons,Paused,20.00,,,,,,,,,,,,,,,,,,,,,,,,,
Add,Desktronic UK Promo,,,,,,,,,,Desktronic UK Coupons,,,[desktronic coupon code],Exact,,,,,,,,,,,,,,,,,,,,,,,
Add,Desktronic UK Promo,,,,,,,,,,Desktronic UK Coupons,,,[desktronic discount code],Exact,,,,,,,,,,,,,,,,,,,,,,,
Add,Desktronic UK Promo,,,,,,,,,,Desktronic UK Coupons,,,[desktronic promo code],Exact,,,,,,,,,,,,,,,,,,,,,,,
Add,Desktronic UK Promo,,,,,,,,,,Desktronic UK Coupons,,,[desktronic coupon],Exact,,,,,,,,,,,,,,,,,,,,,,,
Add,Desktronic UK Promo,,,,,,,,,,Desktronic UK Coupons,,,[desktronic discount],Exact,,,,,,,,,,,,,,,,,,,,,,,
Add,Desktronic UK Promo,,,,,,,,,,Desktronic UK Coupons,,,[desktronic code],Exact,,,,,,,,,,,,,,,,,,,,,,,
Add,Desktronic UK Promo,,,,,,,,,,Desktronic UK Coupons,,,[desktronic coupons],Exact,,,,,,,,,,,,,,,,,,,,,,,
Add,Desktronic UK Promo,,,,,,,,,,Desktronic UK Coupons,,,[desktronic promo],Exact,,,,,,,,,,,,,,,,,,,,,,,
Add,Desktronic UK Promo,,,,,,,,,,Desktronic UK Coupons,,,,,Responsive search ad,£15 OFF Desktronic Code,Use Code: MarkPaul15,Verified June 21 2026 Deals,Save on Desktronic Today,Desktronic UK Standing Deals,Get £15 OFF Instantly,100% Verified Coupons,Tested Coupon 21 June,Active Promo Code,Save Smart Online,Official Desktronic Promo,Free Shipping Eligible,Reveal Code & Save,Shop Best Offers,MarkPaul15 | Working,Get your verified £15 OFF Desktronic discount code. Enter MarkPaul15 at checkout to save.,Looking for verified Desktronic coupons? Copy the working promo code and save big today.,"Save smart on premium Desktronic collections. Hand-tested deals updated on June 21, 2026.",100% working Desktronic vouchers. Reveal and copy discount code. Free shipping offers included.,desktronic,discount-code,https://www.promoregistry.com/store/desktronic-uk
